chrm,start_position,end_position,reference_bases,alternate_bases,rsid,qual,filter,info,chromosome
17,59288889,59288890,A,C,rs536549089,100,PASS,AC=1;AF=0.000199681;AN=5008;NS=2504;DP=20148,17
17,61589396,61589397,A,C,rs560678767,100,PASS,AC=1;AF=0.000199681;AN=5008;NS=2504;DP=20156,17
17,62620239,62620240,A,C,rs552467167,100,PASS,AC=1;AF=0.000199681;AN=5008;NS=2504;DP=19703,17
17,62917688,62917689,A,C,rs536744219,100,PASS,AC=4;AF=0.000798722;AN=5008;NS=2504;DP=30629,17
17,63001398,63001399,A,C,rs532816642,100,PASS,AC=1;AF=0.000199681;AN=5008;NS=2504;DP=18703,17
17,64123801,64123802,A,C,rs144636881,100,PASS,AC=39;AF=0.00778754;AN=5008;NS=2504;DP=16180,17
17,64649703,64649704,A,C,rs527647827,100,PASS,AC=1;AF=0.000199681;AN=5008;NS=2504;DP=15683,17
17,68785472,68785473,A,C,rs187288696,100,PASS,AC=59;AF=0.0117812;AN=5008;NS=2504;DP=6891,17
17,69217634,69217635,A,C,rs547388420,100,PASS,AC=1;AF=0.000199681;AN=5008;NS=2504;DP=17390,17
17,69221318,69221319,A,C,rs191825255,100,PASS,AC=9;AF=0.00179712;AN=5008;NS=2504;DP=18072,17
